URL,Detail,Linked From,Problem Detected On
http://simonmcmanus.com/2007/07/03/simon-mcmanus-and-osmosoft/,404 (Not found),2 pages,11/7/08
http://simonmcmanus.com/2007/07/03/simon-mcmanus-and-osmosoft/trackback/,404 (Not found),1 pages,11/7/08
http://simonmcmanus.com/2007/07/04/links-for-2007-07-04/,404 (Not found),2 pages,11/13/08
http://simonmcmanus.com/2007/07/04/links-for-2007-07-04/trackback/,404 (Not found),1 pages,11/13/08
http://simonmcmanus.com/2007/07/05/links-for-2007-07-05/feed/,404 (Not found),1 pages,11/14/08
http://simonmcmanus.com/2007/07/05/my-second-look-at-tiddlywiki/,404 (Not found),2 pages,11/13/08
http://simonmcmanus.com/2007/07/05/my-second-look-at-tiddlywiki/trackback/,404 (Not found),1 pages,11/13/08
http://simonmcmanus.com/2007/07/17/links-for-2007-07-17/feed/,404 (Not found),1 pages,11/4/08
http://simonmcmanus.com/2007/07/18/links-for-2007-07-18/,404 (Not found),3 pages,11/12/08
http://simonmcmanus.com/2007/07/18/links-for-2007-07-18/trackback/,404 (Not found),1 pages,11/11/08
http://simonmcmanus.com/2007/07/19/links-for-2007-07-19/,404 (Not found),3 pages,11/12/08
http://simonmcmanus.com/2007/07/19/links-for-2007-07-19/trackback/,404 (Not found),1 pages,11/11/08
http://simonmcmanus.com/2007/07/20/conference-calls-on-the-bt-sdk-web21c/,404 (Not found),2 pages,11/6/08
http://simonmcmanus.com/2007/07/20/conference-calls-on-the-bt-sdk-web21c/trackback/,404 (Not found),1 pages,11/6/08
http://simonmcmanus.com/2007/07/20/the-google-maps-api/feed/,404 (Not found),2 pages,11/14/08
http://simonmcmanus.com/2007/07/20/your-location-from-the-bt-sdk-web21c-in-google-maps/,404 (Not found),4 pages,11/5/08
http://simonmcmanus.com/2007/07/20/your-location-from-the-bt-sdk-web21c-in-google-maps/trackback/,404 (Not found),1 pages,11/5/08
http://simonmcmanus.com/2007/07/23/phpweb21c-certificate-generation-using-the-wizard/,404 (Not found),4 pages,11/8/08
http://simonmcmanus.com/2007/07/23/phpweb21c-certificate-generation-using-the-wizard/trackback/,404 (Not found),1 pages,11/8/08
http://simonmcmanus.com/2007/07/24/a-simple-dhtml-phone/,404 (Not found),4 pages,11/13/08
http://simonmcmanus.com/2007/07/24/a-simple-dhtml-phone/trackback/,404 (Not found),2 pages,11/13/08
http://simonmcmanus.com/2007/07/25/links-for-2007-07-25/,404 (Not found),2 pages,11/13/08
http://127.0.0.1/2007/07/25/links-for-2007-07-25/,404 (Not found),2 pages,11/13/08
http://simonmcmanus.com/2007/07/25/links-for-2007-07-25/feed/,404 (Not found),1 pages,11/9/08
http://simonmcmanus.com/2007/07/25/links-for-2007-07-25/trackback/,404 (Not found),1 pages,11/13/08
http://simonmcmanus.com/2007/08/01/links-for-2007-08-01/feed/,404 (Not found),1 pages,11/14/08
http://simonmcmanus.com/2007/08/03/links-for-2007-08-03/,404 (Not found),1 pages,11/10/08
http://simonmcmanus.com/2007/08/03/links-for-2007-08-03/trackback/,404 (Not found),1 pages,11/8/08
http://simonmcmanus.com/2007/08/05/links-for-2007-08-05/,404 (Not found),1 pages,11/13/08
http://simonmcmanus.com/2007/08/05/links-for-2007-08-05/trackback/,404 (Not found),1 pages,11/13/08
http://simonmcmanus.com/2007/08/07/links-for-2007-08-07/,404 (Not found),2 pages,11/11/08
http://simonmcmanus.com/2007/08/07/links-for-2007-08-07/feed/,404 (Not found),1 pages,11/12/08
http://simonmcmanus.com/2007/08/08/is-facebook-the-answer-to-everything-facebook-for-the-enterprise/,404 (Not found),4 pages,11/9/08
http://simonmcmanus.com/2007/08/08/is-facebook-the-answer-to-everything-facebook-for-the-enterprise/feed/,404 (Not found),2 pages,11/6/08
http://simonmcmanus.com/2007/08/08/is-facebook-the-answer-to-everything-facebook-for-the-enterprise/trackback/,404 (Not found),2 pages,11/9/08
http://simonmcmanus.com/2007/08/08/links-for-2007-08-08/,404 (Not found),3 pages,11/14/08
http://simonmcmanus.com/2007/08/08/links-for-2007-08-08/feed/,404 (Not found),1 pages,11/8/08
http://simonmcmanus.com/2007/08/08/links-for-2007-08-08/trackback/,404 (Not found),1 pages,11/14/08
http://simonmcmanus.com/2007/08/09/links-for-2007-08-09/,404 (Not found),2 pages,11/8/08
http://simonmcmanus.com/2007/08/14/enterprise-tiddlywiki/,404 (Not found),4 pages,11/14/08
http://simonmcmanus.com/2007/08/14/enterprise-tiddlywiki/feed/,404 (Not found),1 pages,11/14/08
http://simonmcmanus.com/2007/08/15/links-for-2007-08-15/,404 (Not found),3 pages,11/7/08
http://simonmcmanus.com/2007/08/15/links-for-2007-08-15/feed/,404 (Not found),1 pages,11/12/08
http://simonmcmanus.com/2007/08/15/links-for-2007-08-15/trackback/,404 (Not found),1 pages,11/7/08
http://simonmcmanus.com/2007/08/22/links-for-2007-08-22/,404 (Not found),2 pages,11/8/08
http://simonmcmanus.com/2007/09/03/links-for-2007-09-03/,404 (Not found),2 pages,11/11/08
http://simonmcmanus.com/2007/09/05/links-for-2007-09-05/,404 (Not found),2 pages,11/10/08
http://simonmcmanus.com/2007/09/06/links-for-2007-09-06/,404 (Not found),1 pages,11/9/08
http://simonmcmanus.com/2007/09/06/links-for-2007-09-06/trackback/,404 (Not found),1 pages,11/9/08
http://simonmcmanus.com/2007/09/13/those-fuckers-at-facebook-part-two/,404 (Not found),4 pages,11/11/08
http://simonmcmanus.com/2007/09/14/links-for-2007-09-14/,404 (Not found),3 pages,11/14/08
http://simonmcmanus.com/2007/09/14/open-source-facebook/feed/,404 (Not found),2 pages,11/6/08
http://simonmcmanus.com/2007/09/15/enable-php-error-reporting-for-a-page/trackback/,404 (Not found),1 pages,11/12/08
http://simonmcmanus.com/2007/09/20/links-for-2007-09-20/,404 (Not found),3 pages,11/12/08
http://simonmcmanus.com/2007/09/20/links-for-2007-09-20/trackback/,404 (Not found),1 pages,11/12/08
http://simonmcmanus.com/2007/09/22/links-for-2007-09-22/,404 (Not found),4 pages,11/4/08
http://simonmcmanus.com/2007/09/25/giving-tiddlywiki-a-restmysql-to-rest-in-php/,404 (Not found),4 pages,11/8/08
http://simonmcmanus.com/2007/09/25/giving-tiddlywiki-a-restmysql-to-rest-in-php/trackback/,404 (Not found),2 pages,11/11/08
http://simonmcmanus.com/2007/10/05/links-for-2007-10-05/,404 (Not found),3 pages,11/6/08
http://simonmcmanus.com/2007/10/05/links-for-2007-10-05/trackback/,404 (Not found),1 pages,11/6/08
http://simonmcmanus.com/2007/10/10/links-for-2007-10-10/,404 (Not found),3 pages,11/10/08
http://simonmcmanus.com/2007/10/11/links-for-2007-10-11/,404 (Not found),4 pages,11/12/08
http://simonmcmanus.com/2007/10/11/links-for-2007-10-11/trackback/,404 (Not found),1 pages,11/12/08
http://simonmcmanus.com/2007/10/18/links-for-2007-10-18/,404 (Not found),4 pages,11/9/08
http://simonmcmanus.com/2007/10/18/links-for-2007-10-18/trackback/,404 (Not found),1 pages,11/9/08
http://simonmcmanus.com/2007/10/20/links-for-2007-10-20/,404 (Not found),3 pages,11/13/08
http://simonmcmanus.com/2007/10/23/facebook-screen-scraping-get-your-friends-back-from-facebook-and-into-tiddlywiki/feed/,404 (Not found),2 pages,11/5/08
http://simonmcmanus.com/2007/10/31/links-for-2007-10-31/feed/,404 (Not found),1 pages,11/8/08
http://simonmcmanus.com/2007/11/01/links-for-2007-11-01/feed/,404 (Not found),1 pages,11/10/08
http://simonmcmanus.com/2007/11/01/video-on-open-social/feed/,404 (Not found),2 pages,11/12/08
http://simonmcmanus.com/2007/11/09/latest-database-design-for-cctiddly/,404 (Not found),5 pages,11/8/08
http://simonmcmanus.com/2007/11/09/latest-database-design-for-cctiddly/feed/,404 (Not found),2 pages,11/9/08
http://simonmcmanus.com/2007/11/12/links-for-2007-11-12/feed/,404 (Not found),2 pages,11/14/08
http://simonmcmanus.com/2007/11/15/links-for-2007-11-15/,404 (Not found),4 pages,11/8/08
http://simonmcmanus.com/2007/11/15/links-for-2007-11-15/trackback/,404 (Not found),2 pages,11/8/08
http://simonmcmanus.com/2007/11/20/links-for-2007-11-20/,404 (Not found),4 pages,11/8/08
http://simonmcmanus.com/2007/11/21/links-for-2007-11-21/,404 (Not found),4 pages,11/7/08
http://simonmcmanus.com/2007/11/21/links-for-2007-11-21/trackback/,404 (Not found),2 pages,11/8/08
http://simonmcmanus.com/2007/11/23/links-for-2007-11-23/feed/,404 (Not found),2 pages,11/6/08
http://simonmcmanus.com/2007/11/25/links-for-2007-11-25/feed/,404 (Not found),2 pages,11/14/08
http://simonmcmanus.com/2007/11/28/links-for-2007-11-28/,404 (Not found),2 pages,11/8/08
http://simonmcmanus.com/2007/11/28/the-robbie-clutton-problem/,404 (Not found),16 pages,11/14/08
http://simonmcmanus.com/2007/12/03/epoch-to-tiddlytime/,404 (Not found),6 pages,11/12/08
http://simonmcmanus.com/2007/12/03/epoch-to-tiddlytime/trackback/,404 (Not found),1 pages,11/12/08
http://simonmcmanus.com/2007/12/06/delicious-feed-removal/,404 (Not found),5 pages,11/10/08
http://simonmcmanus.com/2007/12/06/links-for-2007-12-06/,404 (Not found),4 pages,11/9/08
http://simonmcmanus.com/2007/12/06/links-for-2007-12-06/trackback/,404 (Not found),1 pages,11/9/08
http://simonmcmanus.com/2007/12/10/cctiddly-system-tiddler-plugins/,404 (Not found),6 pages,11/8/08
http://simonmcmanus.com/2007/12/10/pondering-pagerank-and-tinyurls/,404 (Not found),6 pages,11/4/08
http://simonmcmanus.com/2007/12/12/bullshit-20/,404 (Not found),11 pages,11/6/08
http://simonmcmanus.com/2007/12/24/the-ultimate-n95-hack-helicopters/,404 (Not found),6 pages,11/11/08
http://simonmcmanus.com/2008/01/04/life-streaming-in-cctiddly,404 (Not found),unavailable,11/13/08
http://simonmcmanus.com/2008/01/04/life-streaming-in-cctiddly/,404 (Not found),6 pages,11/5/08
http://simonmcmanus.com/2008/01/04/life-streaming-in-cctiddly/feed/,404 (Not found),1 pages,11/11/08
http://simonmcmanus.com/2008/01/04/life-streaming-in-cctiddly/trackback/,404 (Not found),1 pages,11/5/08
http://simonmcmanus.com/2008/01/07/product-streaming-for-cctiddly/,404 (Not found),5 pages,11/9/08
http://simonmcmanus.com/2008/01/07/product-streaming-for-cctiddly/feed/,404 (Not found),1 pages,11/11/08
http://simonmcmanus.com/2008/01/07/product-streaming-for-cctiddly/trackback/,404 (Not found),1 pages,11/10/08
http://simonmcmanus.com/2008/01/15/server-side-search-for-cctiddly/,404 (Not found),7 pages,11/6/08
http://simonmcmanus.com/2008/01/15/time-for-a-blog-post-about-twitter/,404 (Not found),5 pages,11/10/08
http://simonmcmanus.com/2008/01/21/google-images-in-tiddlywikiand-maybe-flickr/,404 (Not found),5 pages,11/10/08
http://simonmcmanus.com/2008/01/21/google-images-in-tiddlywikiand-maybe-flickr/&o=0&l=dir,404 (Not found),1 pages,11/9/08
http://simonmcmanus.com/2008/01/21/google-images-in-tiddlywikiand-maybe-flickr/&o=0&l=dir/,404 (Not found),1 pages,11/14/08
http://simonmcmanus.com/2008/01/23/nokia-n95-stuff/,404 (Not found),5 pages,11/9/08
http://simonmcmanus.com/2008/01/23/nokia-n95-stuff/trackback/,404 (Not found),1 pages,11/14/08
http://simonmcmanus.com/2008/02/21/off-the-shelf-integration-in-enterprises/,404 (Not found),9 pages,11/4/08
http://simonmcmanus.com/2008/02/29/innovating-with-small-pieces-loosely-joined/,404 (Not found),5 pages,11/11/08
http://simonmcmanus.com/2008/02/29/innovating-with-small-pieces-loosely-joined/feed/,404 (Not found),1 pages,11/11/08
http://simonmcmanus.com/2008/02/29/innovating-with-small-pieces-loosely-joined/trackback/,404 (Not found),1 pages,11/11/08
http://simonmcmanus.com/2008/03/10/announcing-cctiddly-151/,404 (Not found),6 pages,11/4/08
http://simonmcmanus.com/2008/03/10/rest-in-peace-civil-serf/,404 (Not found),26 pages,11/8/08
http://simonmcmanus.com/2008/03/10/rest-in-peace-civil-serf/feed/,404 (Not found),2 pages,11/11/08
http://simonmcmanus.com/2008/03/11/avoid-being-civil-serfed,404 (Not found),1 pages,11/14/08
http://simonmcmanus.com/2008/03/11/avoid-being-civil-serfed/,404 (Not found),4 pages,11/9/08
http://simonmcmanus.com/2008/03/20/cctiddly-file-uploading/feed/,404 (Not found),2 pages,11/14/08
http://simonmcmanus.com/2008/03/26/free-our-bills/trackback/,404 (Not found),1 pages,11/6/08
http://simonmcmanus.com/2008/04/11/how-to-save-your-enterprise-some-money,404 (Not found),1 pages,11/14/08
http://simonmcmanus.com/2008/08/11/offline-is-back-online/,404 (Not found),9 pages,11/6/08
http://simonmcmanus.com/2008/08/11/offline-is-back-online/feed/,404 (Not found),2 pages,11/11/08
http://simonmcmanus.com/body%3E%3C,404 (Not found),1 pages,11/9/08
http://simonmcmanus.com/html%3E,404 (Not found),1 pages,11/9/08
http://simonmcmanus.com/page/4/,404 (Not found),2 pages,11/11/08
http://simonmcmanus.com/page/7/,404 (Not found),2 pages,11/14/08
